namespace,schema_sha256,quiz_task_uuid,task_url,tua_uuid,article_batch_name,article_number,article_filename,article_sha256,article_text_length,destination,task_redundancy,taskrun_count,quiz_taskrun_uuid,contributor_uuid,created,finish_time,elapsed_seconds,topic_name,question_label,question_text,answer_label,answer_content,answer_uuid,submitted_tua_uuid,answer_text,case_number,highlight_count,start_pos,end_pos,target_text
Covid_Holisticv1.2,81f0137d4cfd132ce9019c58308d2675c4de86bac1dcadbf309af97c97d7cabe,96d34cbf-06f9-40bf-9452-4ead415859c5,https://pe.goodlylabs.org/project/Covid_Holisiticv1.2/task/2884,,CovidArticles/2005CIAReportOnCoronavirus.txt,2005,2005CIAReportOnCoronavirus.txt,47990959103662e94e796d979018922afddc880fb4b867c7ca2ac8aa2146e7c4,3885,PYBOSSA,9,1,f4420a53-b116-4e73-b6b7-1b08d5dd3741,e0834165-64cc-41e5-994f-9be97a16ef93,2020-04-09 20:11:31.952757,2020-04-09 20:18:11.344363,399.391606,Holistic Evaluation of Article,T1.Q1,What type of article is this?,T1.Q1.A1,News report,5aff36a3-f8c5-4e24-b28f-6b1bc7527694,aab907f1-ab67-46e2-b8ec-d59bbe5d911d,News report,0,0,0,0,
Covid_Holisticv1.2,81f0137d4cfd132ce9019c58308d2675c4de86bac1dcadbf309af97c97d7cabe,96d34cbf-06f9-40bf-9452-4ead415859c5,https://pe.goodlylabs.org/project/Covid_Holisiticv1.2/task/2884,,CovidArticles/2005CIAReportOnCoronavirus.txt,2005,2005CIAReportOnCoronavirus.txt,47990959103662e94e796d979018922afddc880fb4b867c7ca2ac8aa2146e7c4,3885,PYBOSSA,9,1,f4420a53-b116-4e73-b6b7-1b08d5dd3741,e0834165-64cc-41e5-994f-9be97a16ef93,2020-04-09 20:11:31.952757,2020-04-09 20:18:11.344363,399.391606,Holistic Evaluation of Article,T1.Q3,What is the article's topic area? (check all that apply),T1.Q3.A2,World Events,b289907b-e23e-47f0-814e-068098e555b5,466772fb-8522-4818-bc0b-b10bc8c7ca14,World Events,0,0,0,0,
Covid_Holisticv1.2,81f0137d4cfd132ce9019c58308d2675c4de86bac1dcadbf309af97c97d7cabe,96d34cbf-06f9-40bf-9452-4ead415859c5,https://pe.goodlylabs.org/project/Covid_Holisiticv1.2/task/2884,,CovidArticles/2005CIAReportOnCoronavirus.txt,2005,2005CIAReportOnCoronavirus.txt,47990959103662e94e796d979018922afddc880fb4b867c7ca2ac8aa2146e7c4,3885,PYBOSSA,9,1,f4420a53-b116-4e73-b6b7-1b08d5dd3741,e0834165-64cc-41e5-994f-9be97a16ef93,2020-04-09 20:11:31.952757,2020-04-09 20:18:11.344363,399.391606,Holistic Evaluation of Article,T1.Q5,"Before carefully reading the article, would you have been inclined to agree or disagree with its point of view?",T1.Q5.A4,Somewhat Disagree,ebdce287-e257-40a3-b67a-c444e6bfd83e,7ca661ac-4502-46e7-b751-e7c974f1685b,Somewhat Disagree,0,0,0,0,
Covid_Holisticv1.2,81f0137d4cfd132ce9019c58308d2675c4de86bac1dcadbf309af97c97d7cabe,96d34cbf-06f9-40bf-9452-4ead415859c5,https://pe.goodlylabs.org/project/Covid_Holisiticv1.2/task/2884,,CovidArticles/2005CIAReportOnCoronavirus.txt,2005,2005CIAReportOnCoronavirus.txt,47990959103662e94e796d979018922afddc880fb4b867c7ca2ac8aa2146e7c4,3885,PYBOSSA,9,1,f4420a53-b116-4e73-b6b7-1b08d5dd3741,e0834165-64cc-41e5-994f-9be97a16ef93,2020-04-09 20:11:31.952757,2020-04-09 20:18:11.344363,399.391606,Holistic Evaluation of Article,T1.Q6,What kind of information does the article include?  (Check all that apply.),T1.Q6.A1,Arguments,7777bc23-3ddb-407f-b3cb-509cadc136ba,c8f17c49-a69d-49ea-ac07-359ae115fd8b,Arguments,0,0,0,0,
Covid_Holisticv1.2,81f0137d4cfd132ce9019c58308d2675c4de86bac1dcadbf309af97c97d7cabe,96d34cbf-06f9-40bf-9452-4ead415859c5,https://pe.goodlylabs.org/project/Covid_Holisiticv1.2/task/2884,,CovidArticles/2005CIAReportOnCoronavirus.txt,2005,2005CIAReportOnCoronavirus.txt,47990959103662e94e796d979018922afddc880fb4b867c7ca2ac8aa2146e7c4,3885,PYBOSSA,9,1,f4420a53-b116-4e73-b6b7-1b08d5dd3741,e0834165-64cc-41e5-994f-9be97a16ef93,2020-04-09 20:11:31.952757,2020-04-09 20:18:11.344363,399.391606,Holistic Evaluation of Article,T1.Q6,What kind of information does the article include?  (Check all that apply.),T1.Q6.A2,Proposed explanation(s),345578b2-f548-4542-bba9-dab2eadafe27,aad079b9-d9d3-40ca-8da0-8b9c2a65c5ab,Proposed explanation(s),0,0,0,0,
Covid_Holisticv1.2,81f0137d4cfd132ce9019c58308d2675c4de86bac1dcadbf309af97c97d7cabe,96d34cbf-06f9-40bf-9452-4ead415859c5,https://pe.goodlylabs.org/project/Covid_Holisiticv1.2/task/2884,,CovidArticles/2005CIAReportOnCoronavirus.txt,2005,2005CIAReportOnCoronavirus.txt,47990959103662e94e796d979018922afddc880fb4b867c7ca2ac8aa2146e7c4,3885,PYBOSSA,9,1,f4420a53-b116-4e73-b6b7-1b08d5dd3741,e0834165-64cc-41e5-994f-9be97a16ef93,2020-04-09 20:11:31.952757,2020-04-09 20:18:11.344363,399.391606,Holistic Evaluation of Article,T1.Q6,What kind of information does the article include?  (Check all that apply.),T1.Q6.A4,Quotes,9a97db06-64f5-4515-923f-f11af377d9e0,51471567-0fa4-4376-9ca9-03889576fe34,Quotes,0,0,0,0,
Covid_Holisticv1.2,81f0137d4cfd132ce9019c58308d2675c4de86bac1dcadbf309af97c97d7cabe,96d34cbf-06f9-40bf-9452-4ead415859c5,https://pe.goodlylabs.org/project/Covid_Holisiticv1.2/task/2884,,CovidArticles/2005CIAReportOnCoronavirus.txt,2005,2005CIAReportOnCoronavirus.txt,47990959103662e94e796d979018922afddc880fb4b867c7ca2ac8aa2146e7c4,3885,PYBOSSA,9,1,f4420a53-b116-4e73-b6b7-1b08d5dd3741,e0834165-64cc-41e5-994f-9be97a16ef93,2020-04-09 20:11:31.952757,2020-04-09 20:18:11.344363,399.391606,Holistic Evaluation of Article,T1.Q6,What kind of information does the article include?  (Check all that apply.),T1.Q6.A7,Potentially controversial or flawed information,c286e1bc-1151-4875-9e03-e9ba54a2a80e,78439b7a-0f10-4459-9600-ad0798326077,Potentially controversial or flawed information,0,0,0,0,
Covid_Holisticv1.2,81f0137d4cfd132ce9019c58308d2675c4de86bac1dcadbf309af97c97d7cabe,96d34cbf-06f9-40bf-9452-4ead415859c5,https://pe.goodlylabs.org/project/Covid_Holisiticv1.2/task/2884,,CovidArticles/2005CIAReportOnCoronavirus.txt,2005,2005CIAReportOnCoronavirus.txt,47990959103662e94e796d979018922afddc880fb4b867c7ca2ac8aa2146e7c4,3885,PYBOSSA,9,1,f4420a53-b116-4e73-b6b7-1b08d5dd3741,e0834165-64cc-41e5-994f-9be97a16ef93,2020-04-09 20:11:31.952757,2020-04-09 20:18:11.344363,399.391606,Holistic Evaluation of Article,T1.Q6,What kind of information does the article include?  (Check all that apply.),T1.Q6.A8,Emotional or biased presentation,a35917de-639b-4cbf-83c4-28893b38f0b6,08480204-bcac-4a84-a965-8f2967c1f459,Emotional or biased presentation,0,0,0,0,
Covid_Holisticv1.2,81f0137d4cfd132ce9019c58308d2675c4de86bac1dcadbf309af97c97d7cabe,96d34cbf-06f9-40bf-9452-4ead415859c5,https://pe.goodlylabs.org/project/Covid_Holisiticv1.2/task/2884,,CovidArticles/2005CIAReportOnCoronavirus.txt,2005,2005CIAReportOnCoronavirus.txt,47990959103662e94e796d979018922afddc880fb4b867c7ca2ac8aa2146e7c4,3885,PYBOSSA,9,1,f4420a53-b116-4e73-b6b7-1b08d5dd3741,e0834165-64cc-41e5-994f-9be97a16ef93,2020-04-09 20:11:31.952757,2020-04-09 20:18:11.344363,399.391606,Holistic Evaluation of Article,T1.Q7,"Given what you know about the world, how *credible* does the article seem to you, overall?",T1.Q7.A4,Slightly credible,8cfdaf61-806d-40da-8fe0-1eb5f69ecd46,bd6e1eab-ce7c-42b5-a369-4ba64b157004,Slightly credible,0,0,0,0,
Covid_Holisticv1.2,81f0137d4cfd132ce9019c58308d2675c4de86bac1dcadbf309af97c97d7cabe,96d34cbf-06f9-40bf-9452-4ead415859c5,https://pe.goodlylabs.org/project/Covid_Holisiticv1.2/task/2884,,CovidArticles/2005CIAReportOnCoronavirus.txt,2005,2005CIAReportOnCoronavirus.txt,47990959103662e94e796d979018922afddc880fb4b867c7ca2ac8aa2146e7c4,3885,PYBOSSA,9,1,f4420a53-b116-4e73-b6b7-1b08d5dd3741,e0834165-64cc-41e5-994f-9be97a16ef93,2020-04-09 20:11:31.952757,2020-04-09 20:18:11.344363,399.391606,Holistic Evaluation of Article,T1.Q8,"Given what you know about the world, how *biased* does the article seem to you, overall?",T1.Q8.A1,Extremely biased,8c518ac6-389a-4268-aa7a-0fa9f2f8fb4e,ef7f44bc-9d65-42e4-a48b-69746301c070,Extremely biased,0,0,0,0,
Covid_Holisticv1.2,81f0137d4cfd132ce9019c58308d2675c4de86bac1dcadbf309af97c97d7cabe,96d34cbf-06f9-40bf-9452-4ead415859c5,https://pe.goodlylabs.org/project/Covid_Holisiticv1.2/task/2884,,CovidArticles/2005CIAReportOnCoronavirus.txt,2005,2005CIAReportOnCoronavirus.txt,47990959103662e94e796d979018922afddc880fb4b867c7ca2ac8aa2146e7c4,3885,PYBOSSA,9,1,f4420a53-b116-4e73-b6b7-1b08d5dd3741,e0834165-64cc-41e5-994f-9be97a16ef93,2020-04-09 20:11:31.952757,2020-04-09 20:18:11.344363,399.391606,Holistic Evaluation of Article,T1.Q9,What kind of bias is apparent in the article? Check all that apply.,T1.Q9.A9,Other,787942e7-d565-4881-a077-c6784df39f91,19fcb90c-d2be-4f3d-b2f1-9df1f320e35e,Other,0,0,0,0,
Covid_Holisticv1.2,81f0137d4cfd132ce9019c58308d2675c4de86bac1dcadbf309af97c97d7cabe,96d34cbf-06f9-40bf-9452-4ead415859c5,https://pe.goodlylabs.org/project/Covid_Holisiticv1.2/task/2884,,CovidArticles/2005CIAReportOnCoronavirus.txt,2005,2005CIAReportOnCoronavirus.txt,47990959103662e94e796d979018922afddc880fb4b867c7ca2ac8aa2146e7c4,3885,PYBOSSA,9,1,f4420a53-b116-4e73-b6b7-1b08d5dd3741,e0834165-64cc-41e5-994f-9be97a16ef93,2020-04-09 20:11:31.952757,2020-04-09 20:18:11.344363,399.391606,Holistic Evaluation of Article,T1.Q10,How would you describe the approach of the article? (Check all that apply.),T1.Q10.A2,"Report of what some person, body, or group said",ad87bdb1-2247-4660-b0fd-64b19aa050fb,15b12aeb-03fa-4da8-bcbb-d8817032e08f,"Report of what some person, body, or group said",0,0,0,0,
Covid_Holisticv1.2,81f0137d4cfd132ce9019c58308d2675c4de86bac1dcadbf309af97c97d7cabe,96d34cbf-06f9-40bf-9452-4ead415859c5,https://pe.goodlylabs.org/project/Covid_Holisiticv1.2/task/2884,,CovidArticles/2005CIAReportOnCoronavirus.txt,2005,2005CIAReportOnCoronavirus.txt,47990959103662e94e796d979018922afddc880fb4b867c7ca2ac8aa2146e7c4,3885,PYBOSSA,9,1,f4420a53-b116-4e73-b6b7-1b08d5dd3741,e0834165-64cc-41e5-994f-9be97a16ef93,2020-04-09 20:11:31.952757,2020-04-09 20:18:11.344363,399.391606,Holistic Evaluation of Article,T1.Q10,How would you describe the approach of the article? (Check all that apply.),T1.Q10.A4,Proposed explanation of a phenomenon or event,8ce854d0-0704-45a1-9dfd-3ea211ee73f2,b4b3fdec-0de5-42ae-80fb-264c31fdbc77,Proposed explanation of a phenomenon or event,0,0,0,0,
Covid_Holisticv1.2,81f0137d4cfd132ce9019c58308d2675c4de86bac1dcadbf309af97c97d7cabe,96d34cbf-06f9-40bf-9452-4ead415859c5,https://pe.goodlylabs.org/project/Covid_Holisiticv1.2/task/2884,,CovidArticles/2005CIAReportOnCoronavirus.txt,2005,2005CIAReportOnCoronavirus.txt,47990959103662e94e796d979018922afddc880fb4b867c7ca2ac8aa2146e7c4,3885,PYBOSSA,9,1,f4420a53-b116-4e73-b6b7-1b08d5dd3741,e0834165-64cc-41e5-994f-9be97a16ef93,2020-04-09 20:11:31.952757,2020-04-09 20:18:11.344363,399.391606,Holistic Evaluation of Article,T1.Q11,Does the article’s title/headline match the text?,T1.Q11.A2,"Yes, but with some exaggeration/clickbaitiness",b657f95a-a7dd-45bb-9da4-0aa5bf1c7643,4f1ec47b-9b40-4c78-a1fd-5faf95baa749,"Yes, but with some exaggeration/clickbaitiness",0,0,0,0,
Covid_Holisticv1.2,81f0137d4cfd132ce9019c58308d2675c4de86bac1dcadbf309af97c97d7cabe,96d34cbf-06f9-40bf-9452-4ead415859c5,https://pe.goodlylabs.org/project/Covid_Holisiticv1.2/task/2884,,CovidArticles/2005CIAReportOnCoronavirus.txt,2005,2005CIAReportOnCoronavirus.txt,47990959103662e94e796d979018922afddc880fb4b867c7ca2ac8aa2146e7c4,3885,PYBOSSA,9,1,f4420a53-b116-4e73-b6b7-1b08d5dd3741,e0834165-64cc-41e5-994f-9be97a16ef93,2020-04-09 20:11:31.952757,2020-04-09 20:18:11.344363,399.391606,Holistic Evaluation of Article,T1.Q12,"Does the article exaggerate the importance of a relatively minor event, person, or group?",T1.Q12.A2,Quite a bit,384792a2-8d47-4c16-97a6-dfd5b4272bcc,25952ff7-4dd9-45ae-b81d-1053cf5fb0c9,Quite a bit,0,0,0,0,
Covid_Holisticv1.2,81f0137d4cfd132ce9019c58308d2675c4de86bac1dcadbf309af97c97d7cabe,96d34cbf-06f9-40bf-9452-4ead415859c5,https://pe.goodlylabs.org/project/Covid_Holisiticv1.2/task/2884,,CovidArticles/2005CIAReportOnCoronavirus.txt,2005,2005CIAReportOnCoronavirus.txt,47990959103662e94e796d979018922afddc880fb4b867c7ca2ac8aa2146e7c4,3885,PYBOSSA,9,1,f4420a53-b116-4e73-b6b7-1b08d5dd3741,e0834165-64cc-41e5-994f-9be97a16ef93,2020-04-09 20:11:31.952757,2020-04-09 20:18:11.344363,399.391606,Holistic Evaluation of Article,T1.Q13,How likely is this article to affect anyone’s behavior or beliefs?,T1.Q13.A2,Somewhat Likely,458acc8d-8d50-43bb-a25e-5426efaaff76,01e7410b-30bf-47f8-8c67-63610ebf0b61,Somewhat Likely,0,0,0,0,
Covid_Holisticv1.2,81f0137d4cfd132ce9019c58308d2675c4de86bac1dcadbf309af97c97d7cabe,96d34cbf-06f9-40bf-9452-4ead415859c5,https://pe.goodlylabs.org/project/Covid_Holisiticv1.2/task/2884,,CovidArticles/2005CIAReportOnCoronavirus.txt,2005,2005CIAReportOnCoronavirus.txt,47990959103662e94e796d979018922afddc880fb4b867c7ca2ac8aa2146e7c4,3885,PYBOSSA,9,1,f4420a53-b116-4e73-b6b7-1b08d5dd3741,e0834165-64cc-41e5-994f-9be97a16ef93,2020-04-09 20:11:31.952757,2020-04-09 20:18:11.344363,399.391606,Holistic Evaluation of Article,T1.Q14,Are there claims in the article that seem suspicious or wrong?,T1.Q14.A2,Yes (Please highlight them.),aae08aaa-be78-48b1-ad99-b19ee8ff3fa3,cb9e76cf-2eef-423d-b807-82eb34500f3a,Yes (Please highlight them.),1,1,3294,3493,"In the scientific journal Nature Medicine for 2015, they found an article stating that American scientists artificially created a hybrid version of coronavirus in different animals, for example, bats"
Covid_Holisticv1.2,81f0137d4cfd132ce9019c58308d2675c4de86bac1dcadbf309af97c97d7cabe,96d34cbf-06f9-40bf-9452-4ead415859c5,https://pe.goodlylabs.org/project/Covid_Holisiticv1.2/task/2884,,CovidArticles/2005CIAReportOnCoronavirus.txt,2005,2005CIAReportOnCoronavirus.txt,47990959103662e94e796d979018922afddc880fb4b867c7ca2ac8aa2146e7c4,3885,PYBOSSA,9,1,f4420a53-b116-4e73-b6b7-1b08d5dd3741,e0834165-64cc-41e5-994f-9be97a16ef93,2020-04-09 20:11:31.952757,2020-04-09 20:18:11.344363,399.391606,Holistic Evaluation of Article,T1.Q14,Are there claims in the article that seem suspicious or wrong?,T1.Q14.A2,Yes (Please highlight them.),aae08aaa-be78-48b1-ad99-b19ee8ff3fa3,0b4deec3-0ea0-4221-b466-c2b4ec8bb0e1,Yes (Please highlight them.),2,1,3495,3608,It is further described that back in 2013 they were studying the possibility of transmitting this virus to humans
Covid_Holisticv1.2,81f0137d4cfd132ce9019c58308d2675c4de86bac1dcadbf309af97c97d7cabe,96d34cbf-06f9-40bf-9452-4ead415859c5,https://pe.goodlylabs.org/project/Covid_Holisiticv1.2/task/2884,,CovidArticles/2005CIAReportOnCoronavirus.txt,2005,2005CIAReportOnCoronavirus.txt,47990959103662e94e796d979018922afddc880fb4b867c7ca2ac8aa2146e7c4,3885,PYBOSSA,9,1,f4420a53-b116-4e73-b6b7-1b08d5dd3741,e0834165-64cc-41e5-994f-9be97a16ef93,2020-04-09 20:11:31.952757,2020-04-09 20:18:11.344363,399.391606,Holistic Evaluation of Article,T1.Q14,Are there claims in the article that seem suspicious or wrong?,T1.Q14.A2,Yes (Please highlight them.),aae08aaa-be78-48b1-ad99-b19ee8ff3fa3,24479cfb-5dac-43e5-8a21-8ebdf3b9c7cd,Yes (Please highlight them.),3,1,3623,3724,the United States reported that they created an experimental coronavirus vaccine and began testing it
Covid_Holisticv1.2,81f0137d4cfd132ce9019c58308d2675c4de86bac1dcadbf309af97c97d7cabe,96d34cbf-06f9-40bf-9452-4ead415859c5,https://pe.goodlylabs.org/project/Covid_Holisiticv1.2/task/2884,,CovidArticles/2005CIAReportOnCoronavirus.txt,2005,2005CIAReportOnCoronavirus.txt,47990959103662e94e796d979018922afddc880fb4b867c7ca2ac8aa2146e7c4,3885,PYBOSSA,9,1,f4420a53-b116-4e73-b6b7-1b08d5dd3741,e0834165-64cc-41e5-994f-9be97a16ef93,2020-04-09 20:11:31.952757,2020-04-09 20:18:11.344363,399.391606,Holistic Evaluation of Article,T1.Q14,Are there claims in the article that seem suspicious or wrong?,T1.Q14.A2,Yes (Please highlight them.),aae08aaa-be78-48b1-ad99-b19ee8ff3fa3,107d1eb9-d348-4714-98a4-496ef62d1780,Yes (Please highlight them.),4,1,3726,3811,It is natural to assume who will be the beneficiary of the huge profits from its sale
Covid_Holisticv1.2,81f0137d4cfd132ce9019c58308d2675c4de86bac1dcadbf309af97c97d7cabe,96d34cbf-06f9-40bf-9452-4ead415859c5,https://pe.goodlylabs.org/project/Covid_Holisiticv1.2/task/2884,,CovidArticles/2005CIAReportOnCoronavirus.txt,2005,2005CIAReportOnCoronavirus.txt,47990959103662e94e796d979018922afddc880fb4b867c7ca2ac8aa2146e7c4,3885,PYBOSSA,9,1,f4420a53-b116-4e73-b6b7-1b08d5dd3741,e0834165-64cc-41e5-994f-9be97a16ef93,2020-04-09 20:11:31.952757,2020-04-09 20:18:11.344363,399.391606,Holistic Evaluation of Article,T1.Q15,What is/are the problem/s with the suspicious claim/s?,T1.Q15.A1,The claim needs a fact check before readers can trust it.,16689975-c664-403e-bac2-517192789609,73b53141-9734-461c-9277-36c532d4ff5a,The claim needs a fact check before readers can trust it.,2,1,3495,3608,It is further described that back in 2013 they were studying the possibility of transmitting this virus to humans
Covid_Holisticv1.2,81f0137d4cfd132ce9019c58308d2675c4de86bac1dcadbf309af97c97d7cabe,96d34cbf-06f9-40bf-9452-4ead415859c5,https://pe.goodlylabs.org/project/Covid_Holisiticv1.2/task/2884,,CovidArticles/2005CIAReportOnCoronavirus.txt,2005,2005CIAReportOnCoronavirus.txt,47990959103662e94e796d979018922afddc880fb4b867c7ca2ac8aa2146e7c4,3885,PYBOSSA,9,1,f4420a53-b116-4e73-b6b7-1b08d5dd3741,e0834165-64cc-41e5-994f-9be97a16ef93,2020-04-09 20:11:31.952757,2020-04-09 20:18:11.344363,399.391606,Holistic Evaluation of Article,T1.Q15,What is/are the problem/s with the suspicious claim/s?,T1.Q15.A1,The claim needs a fact check before readers can trust it.,16689975-c664-403e-bac2-517192789609,76a9e61c-c96d-4b19-b431-c792dee2992a,The claim needs a fact check before readers can trust it.,3,1,3608,3611,".\n\n"
Covid_Holisticv1.2,81f0137d4cfd132ce9019c58308d2675c4de86bac1dcadbf309af97c97d7cabe,96d34cbf-06f9-40bf-9452-4ead415859c5,https://pe.goodlylabs.org/project/Covid_Holisiticv1.2/task/2884,,CovidArticles/2005CIAReportOnCoronavirus.txt,2005,2005CIAReportOnCoronavirus.txt,47990959103662e94e796d979018922afddc880fb4b867c7ca2ac8aa2146e7c4,3885,PYBOSSA,9,1,f4420a53-b116-4e73-b6b7-1b08d5dd3741,e0834165-64cc-41e5-994f-9be97a16ef93,2020-04-09 20:11:31.952757,2020-04-09 20:18:11.344363,399.391606,Holistic Evaluation of Article,T1.Q15,What is/are the problem/s with the suspicious claim/s?,T1.Q15.A3,The author needs to more specifically describe the source making (or supporting) the claim so readers know how to evaluate the source's crediblity?,a2a3db7b-25a1-4a37-bbc8-c8c9f65984bf,5dc9f62e-e207-42b6-bcf7-433a774660f8,The author needs to more specifically describe the source making (or supporting) the claim so readers know how to evaluate the source's crediblity?,1,1,3294,3493,"In the scientific journal Nature Medicine for 2015, they found an article stating that American scientists artificially created a hybrid version of coronavirus in different animals, for example, bats"
Covid_Holisticv1.2,81f0137d4cfd132ce9019c58308d2675c4de86bac1dcadbf309af97c97d7cabe,96d34cbf-06f9-40bf-9452-4ead415859c5,https://pe.goodlylabs.org/project/Covid_Holisiticv1.2/task/2884,,CovidArticles/2005CIAReportOnCoronavirus.txt,2005,2005CIAReportOnCoronavirus.txt,47990959103662e94e796d979018922afddc880fb4b867c7ca2ac8aa2146e7c4,3885,PYBOSSA,9,1,f4420a53-b116-4e73-b6b7-1b08d5dd3741,e0834165-64cc-41e5-994f-9be97a16ef93,2020-04-09 20:11:31.952757,2020-04-09 20:18:11.344363,399.391606,Holistic Evaluation of Article,T1.Q15,What is/are the problem/s with the suspicious claim/s?,T1.Q15.A3,The author needs to more specifically describe the source making (or supporting) the claim so readers know how to evaluate the source's crediblity?,a2a3db7b-25a1-4a37-bbc8-c8c9f65984bf,6f471fef-8913-49b0-a13c-07c57772d591,The author needs to more specifically describe the source making (or supporting) the claim so readers know how to evaluate the source's crediblity?,3,1,3623,3724,the United States reported that they created an experimental coronavirus vaccine and began testing it
Covid_Holisticv1.2,81f0137d4cfd132ce9019c58308d2675c4de86bac1dcadbf309af97c97d7cabe,96d34cbf-06f9-40bf-9452-4ead415859c5,https://pe.goodlylabs.org/project/Covid_Holisiticv1.2/task/2884,,CovidArticles/2005CIAReportOnCoronavirus.txt,2005,2005CIAReportOnCoronavirus.txt,47990959103662e94e796d979018922afddc880fb4b867c7ca2ac8aa2146e7c4,3885,PYBOSSA,9,1,f4420a53-b116-4e73-b6b7-1b08d5dd3741,e0834165-64cc-41e5-994f-9be97a16ef93,2020-04-09 20:11:31.952757,2020-04-09 20:18:11.344363,399.391606,Holistic Evaluation of Article,T1.Q17,"How difficult was this task for you, on the whole?",T1.Q17.A5,5: Middling difficulty,e4c0690b-25bb-467a-9710-46c6db00a976,1a33d8c4-a40a-4a4c-bad4-994075644044,5: Middling difficulty,0,0,0,0,
Covid_Holisticv1.2,81f0137d4cfd132ce9019c58308d2675c4de86bac1dcadbf309af97c97d7cabe,96d34cbf-06f9-40bf-9452-4ead415859c5,https://pe.goodlylabs.org/project/Covid_Holisiticv1.2/task/2884,,CovidArticles/2005CIAReportOnCoronavirus.txt,2005,2005CIAReportOnCoronavirus.txt,47990959103662e94e796d979018922afddc880fb4b867c7ca2ac8aa2146e7c4,3885,PYBOSSA,9,1,f4420a53-b116-4e73-b6b7-1b08d5dd3741,e0834165-64cc-41e5-994f-9be97a16ef93,2020-04-09 20:11:31.952757,2020-04-09 20:18:11.344363,399.391606,Holistic Evaluation of Article,T1.Q18,"How confident are you about your answers, on the whole?",T1.Q18.A9,9,dd9c1c5f-d92e-4433-8361-7c8a30ba48a5,ffec7014-a779-41ef-aabc-a1f27a665420,9,0,0,0,0,
Covid_Holisticv1.2,81f0137d4cfd132ce9019c58308d2675c4de86bac1dcadbf309af97c97d7cabe,deb95f2b-f103-4e9f-88d0-99475ca35dc5,https://pe.goodlylabs.org/project/Covid_Holisiticv1.2/task/2885,,CovidArticles/USMightBeComplementingIran.txt,100054,USMightBeComplementingIran.txt,7360da3cdcf83a48e365821654ef0750810f3483efb8e25ad792eed6f4bf0b6f,1870,PYBOSSA,9,1,db606558-20a3-4f99-9c3e-f518b4264fd6,e0834165-64cc-41e5-994f-9be97a16ef93,2020-04-09 20:11:32.104583,2020-04-09 20:21:53.289628,621.185045,Holistic Evaluation of Article,T1.Q1,What type of article is this?,T1.Q1.A1,News report,5aff36a3-f8c5-4e24-b28f-6b1bc7527694,ad91e857-54c9-43ed-838d-294e93cf38a2,News report,0,0,0,0,
Covid_Holisticv1.2,81f0137d4cfd132ce9019c58308d2675c4de86bac1dcadbf309af97c97d7cabe,deb95f2b-f103-4e9f-88d0-99475ca35dc5,https://pe.goodlylabs.org/project/Covid_Holisiticv1.2/task/2885,,CovidArticles/USMightBeComplementingIran.txt,100054,USMightBeComplementingIran.txt,7360da3cdcf83a48e365821654ef0750810f3483efb8e25ad792eed6f4bf0b6f,1870,PYBOSSA,9,1,db606558-20a3-4f99-9c3e-f518b4264fd6,e0834165-64cc-41e5-994f-9be97a16ef93,2020-04-09 20:11:32.104583,2020-04-09 20:21:53.289628,621.185045,Holistic Evaluation of Article,T1.Q3,What is the article's topic area? (check all that apply),T1.Q3.A2,World Events,b289907b-e23e-47f0-814e-068098e555b5,e6d438b9-39f2-49fd-a3e8-bd3b84ad562d,World Events,0,0,0,0,
Covid_Holisticv1.2,81f0137d4cfd132ce9019c58308d2675c4de86bac1dcadbf309af97c97d7cabe,deb95f2b-f103-4e9f-88d0-99475ca35dc5,https://pe.goodlylabs.org/project/Covid_Holisiticv1.2/task/2885,,CovidArticles/USMightBeComplementingIran.txt,100054,USMightBeComplementingIran.txt,7360da3cdcf83a48e365821654ef0750810f3483efb8e25ad792eed6f4bf0b6f,1870,PYBOSSA,9,1,db606558-20a3-4f99-9c3e-f518b4264fd6,e0834165-64cc-41e5-994f-9be97a16ef93,2020-04-09 20:11:32.104583,2020-04-09 20:21:53.289628,621.185045,Holistic Evaluation of Article,T1.Q5,"Before carefully reading the article, would you have been inclined to agree or disagree with its point of view?",T1.Q5.A5,Strongly Disagree with the article's point of view,3632c357-5a94-436e-ba07-ceb533ab17c5,7d826a8d-92d8-4f4f-ba62-bbcee07f2373,Strongly Disagree with the article's point of view,0,0,0,0,
Covid_Holisticv1.2,81f0137d4cfd132ce9019c58308d2675c4de86bac1dcadbf309af97c97d7cabe,deb95f2b-f103-4e9f-88d0-99475ca35dc5,https://pe.goodlylabs.org/project/Covid_Holisiticv1.2/task/2885,,CovidArticles/USMightBeComplementingIran.txt,100054,USMightBeComplementingIran.txt,7360da3cdcf83a48e365821654ef0750810f3483efb8e25ad792eed6f4bf0b6f,1870,PYBOSSA,9,1,db606558-20a3-4f99-9c3e-f518b4264fd6,e0834165-64cc-41e5-994f-9be97a16ef93,2020-04-09 20:11:32.104583,2020-04-09 20:21:53.289628,621.185045,Holistic Evaluation of Article,T1.Q6,What kind of information does the article include?  (Check all that apply.),T1.Q6.A1,Arguments,7777bc23-3ddb-407f-b3cb-509cadc136ba,f57c4060-f480-451e-9d19-20fccf0bcdc8,Arguments,0,0,0,0,
Covid_Holisticv1.2,81f0137d4cfd132ce9019c58308d2675c4de86bac1dcadbf309af97c97d7cabe,deb95f2b-f103-4e9f-88d0-99475ca35dc5,https://pe.goodlylabs.org/project/Covid_Holisiticv1.2/task/2885,,CovidArticles/USMightBeComplementingIran.txt,100054,USMightBeComplementingIran.txt,7360da3cdcf83a48e365821654ef0750810f3483efb8e25ad792eed6f4bf0b6f,1870,PYBOSSA,9,1,db606558-20a3-4f99-9c3e-f518b4264fd6,e0834165-64cc-41e5-994f-9be97a16ef93,2020-04-09 20:11:32.104583,2020-04-09 20:21:53.289628,621.185045,Holistic Evaluation of Article,T1.Q6,What kind of information does the article include?  (Check all that apply.),T1.Q6.A2,Proposed explanation(s),345578b2-f548-4542-bba9-dab2eadafe27,8d5ca950-2353-4f92-aa1d-ac1c78fdb27a,Proposed explanation(s),0,0,0,0,
Covid_Holisticv1.2,81f0137d4cfd132ce9019c58308d2675c4de86bac1dcadbf309af97c97d7cabe,deb95f2b-f103-4e9f-88d0-99475ca35dc5,https://pe.goodlylabs.org/project/Covid_Holisiticv1.2/task/2885,,CovidArticles/USMightBeComplementingIran.txt,100054,USMightBeComplementingIran.txt,7360da3cdcf83a48e365821654ef0750810f3483efb8e25ad792eed6f4bf0b6f,1870,PYBOSSA,9,1,db606558-20a3-4f99-9c3e-f518b4264fd6,e0834165-64cc-41e5-994f-9be97a16ef93,2020-04-09 20:11:32.104583,2020-04-09 20:21:53.289628,621.185045,Holistic Evaluation of Article,T1.Q6,What kind of information does the article include?  (Check all that apply.),T1.Q6.A4,Quotes,9a97db06-64f5-4515-923f-f11af377d9e0,1c254764-39f6-4140-af37-91bf8cc3ccbc,Quotes,0,0,0,0,
Covid_Holisticv1.2,81f0137d4cfd132ce9019c58308d2675c4de86bac1dcadbf309af97c97d7cabe,deb95f2b-f103-4e9f-88d0-99475ca35dc5,https://pe.goodlylabs.org/project/Covid_Holisiticv1.2/task/2885,,CovidArticles/USMightBeComplementingIran.txt,100054,USMightBeComplementingIran.txt,7360da3cdcf83a48e365821654ef0750810f3483efb8e25ad792eed6f4bf0b6f,1870,PYBOSSA,9,1,db606558-20a3-4f99-9c3e-f518b4264fd6,e0834165-64cc-41e5-994f-9be97a16ef93,2020-04-09 20:11:32.104583,2020-04-09 20:21:53.289628,621.185045,Holistic Evaluation of Article,T1.Q6,What kind of information does the article include?  (Check all that apply.),T1.Q6.A7,Potentially controversial or flawed information,c286e1bc-1151-4875-9e03-e9ba54a2a80e,5c7508f9-3324-4999-8c5d-0dc2ca660baa,Potentially controversial or flawed information,0,0,0,0,
Covid_Holisticv1.2,81f0137d4cfd132ce9019c58308d2675c4de86bac1dcadbf309af97c97d7cabe,deb95f2b-f103-4e9f-88d0-99475ca35dc5,https://pe.goodlylabs.org/project/Covid_Holisiticv1.2/task/2885,,CovidArticles/USMightBeComplementingIran.txt,100054,USMightBeComplementingIran.txt,7360da3cdcf83a48e365821654ef0750810f3483efb8e25ad792eed6f4bf0b6f,1870,PYBOSSA,9,1,db606558-20a3-4f99-9c3e-f518b4264fd6,e0834165-64cc-41e5-994f-9be97a16ef93,2020-04-09 20:11:32.104583,2020-04-09 20:21:53.289628,621.185045,Holistic Evaluation of Article,T1.Q6,What kind of information does the article include?  (Check all that apply.),T1.Q6.A8,Emotional or biased presentation,a35917de-639b-4cbf-83c4-28893b38f0b6,1bc1c02d-b586-463c-8765-957f60bf4b24,Emotional or biased presentation,0,0,0,0,
Covid_Holisticv1.2,81f0137d4cfd132ce9019c58308d2675c4de86bac1dcadbf309af97c97d7cabe,deb95f2b-f103-4e9f-88d0-99475ca35dc5,https://pe.goodlylabs.org/project/Covid_Holisiticv1.2/task/2885,,CovidArticles/USMightBeComplementingIran.txt,100054,USMightBeComplementingIran.txt,7360da3cdcf83a48e365821654ef0750810f3483efb8e25ad792eed6f4bf0b6f,1870,PYBOSSA,9,1,db606558-20a3-4f99-9c3e-f518b4264fd6,e0834165-64cc-41e5-994f-9be97a16ef93,2020-04-09 20:11:32.104583,2020-04-09 20:21:53.289628,621.185045,Holistic Evaluation of Article,T1.Q7,"Given what you know about the world, how *credible* does the article seem to you, overall?",T1.Q7.A5,Not at all credible,5155d95e-d0d4-4b04-8ded-acef55eae774,ce16e094-63ad-482b-a2ce-6608f6054bb3,Not at all credible,0,0,0,0,
Covid_Holisticv1.2,81f0137d4cfd132ce9019c58308d2675c4de86bac1dcadbf309af97c97d7cabe,deb95f2b-f103-4e9f-88d0-99475ca35dc5,https://pe.goodlylabs.org/project/Covid_Holisiticv1.2/task/2885,,CovidArticles/USMightBeComplementingIran.txt,100054,USMightBeComplementingIran.txt,7360da3cdcf83a48e365821654ef0750810f3483efb8e25ad792eed6f4bf0b6f,1870,PYBOSSA,9,1,db606558-20a3-4f99-9c3e-f518b4264fd6,e0834165-64cc-41e5-994f-9be97a16ef93,2020-04-09 20:11:32.104583,2020-04-09 20:21:53.289628,621.185045,Holistic Evaluation of Article,T1.Q8,"Given what you know about the world, how *biased* does the article seem to you, overall?",T1.Q8.A1,Extremely biased,8c518ac6-389a-4268-aa7a-0fa9f2f8fb4e,7cec6d58-5101-4332-923c-aa2d8d17dec8,Extremely biased,0,0,0,0,
Covid_Holisticv1.2,81f0137d4cfd132ce9019c58308d2675c4de86bac1dcadbf309af97c97d7cabe,deb95f2b-f103-4e9f-88d0-99475ca35dc5,https://pe.goodlylabs.org/project/Covid_Holisiticv1.2/task/2885,,CovidArticles/USMightBeComplementingIran.txt,100054,USMightBeComplementingIran.txt,7360da3cdcf83a48e365821654ef0750810f3483efb8e25ad792eed6f4bf0b6f,1870,PYBOSSA,9,1,db606558-20a3-4f99-9c3e-f518b4264fd6,e0834165-64cc-41e5-994f-9be97a16ef93,2020-04-09 20:11:32.104583,2020-04-09 20:21:53.289628,621.185045,Holistic Evaluation of Article,T1.Q9,What kind of bias is apparent in the article? Check all that apply.,T1.Q9.A9,Other,787942e7-d565-4881-a077-c6784df39f91,294cb7ab-d8b1-48bb-93bc-2defc39a2678,Other,0,0,0,0,
Covid_Holisticv1.2,81f0137d4cfd132ce9019c58308d2675c4de86bac1dcadbf309af97c97d7cabe,deb95f2b-f103-4e9f-88d0-99475ca35dc5,https://pe.goodlylabs.org/project/Covid_Holisiticv1.2/task/2885,,CovidArticles/USMightBeComplementingIran.txt,100054,USMightBeComplementingIran.txt,7360da3cdcf83a48e365821654ef0750810f3483efb8e25ad792eed6f4bf0b6f,1870,PYBOSSA,9,1,db606558-20a3-4f99-9c3e-f518b4264fd6,e0834165-64cc-41e5-994f-9be97a16ef93,2020-04-09 20:11:32.104583,2020-04-09 20:21:53.289628,621.185045,Holistic Evaluation of Article,T1.Q10,How would you describe the approach of the article? (Check all that apply.),T1.Q10.A4,Proposed explanation of a phenomenon or event,8ce854d0-0704-45a1-9dfd-3ea211ee73f2,e9ae2d35-2c61-4e3e-b569-ceed267e7112,Proposed explanation of a phenomenon or event,0,0,0,0,
Covid_Holisticv1.2,81f0137d4cfd132ce9019c58308d2675c4de86bac1dcadbf309af97c97d7cabe,deb95f2b-f103-4e9f-88d0-99475ca35dc5,https://pe.goodlylabs.org/project/Covid_Holisiticv1.2/task/2885,,CovidArticles/USMightBeComplementingIran.txt,100054,USMightBeComplementingIran.txt,7360da3cdcf83a48e365821654ef0750810f3483efb8e25ad792eed6f4bf0b6f,1870,PYBOSSA,9,1,db606558-20a3-4f99-9c3e-f518b4264fd6,e0834165-64cc-41e5-994f-9be97a16ef93,2020-04-09 20:11:32.104583,2020-04-09 20:21:53.289628,621.185045,Holistic Evaluation of Article,T1.Q10,How would you describe the approach of the article? (Check all that apply.),T1.Q10.A2,"Report of what some person, body, or group said",ad87bdb1-2247-4660-b0fd-64b19aa050fb,f4e93d04-178b-4819-b5e4-22fd9b191cfc,"Report of what some person, body, or group said",0,0,0,0,
Covid_Holisticv1.2,81f0137d4cfd132ce9019c58308d2675c4de86bac1dcadbf309af97c97d7cabe,deb95f2b-f103-4e9f-88d0-99475ca35dc5,https://pe.goodlylabs.org/project/Covid_Holisiticv1.2/task/2885,,CovidArticles/USMightBeComplementingIran.txt,100054,USMightBeComplementingIran.txt,7360da3cdcf83a48e365821654ef0750810f3483efb8e25ad792eed6f4bf0b6f,1870,PYBOSSA,9,1,db606558-20a3-4f99-9c3e-f518b4264fd6,e0834165-64cc-41e5-994f-9be97a16ef93,2020-04-09 20:11:32.104583,2020-04-09 20:21:53.289628,621.185045,Holistic Evaluation of Article,T1.Q11,Does the article’s title/headline match the text?,T1.Q11.A2,"Yes, but with some exaggeration/clickbaitiness",b657f95a-a7dd-45bb-9da4-0aa5bf1c7643,619250ba-90a7-4fc0-94e5-0512f7846372,"Yes, but with some exaggeration/clickbaitiness",0,0,0,0,
Covid_Holisticv1.2,81f0137d4cfd132ce9019c58308d2675c4de86bac1dcadbf309af97c97d7cabe,deb95f2b-f103-4e9f-88d0-99475ca35dc5,https://pe.goodlylabs.org/project/Covid_Holisiticv1.2/task/2885,,CovidArticles/USMightBeComplementingIran.txt,100054,USMightBeComplementingIran.txt,7360da3cdcf83a48e365821654ef0750810f3483efb8e25ad792eed6f4bf0b6f,1870,PYBOSSA,9,1,db606558-20a3-4f99-9c3e-f518b4264fd6,e0834165-64cc-41e5-994f-9be97a16ef93,2020-04-09 20:11:32.104583,2020-04-09 20:21:53.289628,621.185045,Holistic Evaluation of Article,T1.Q12,"Does the article exaggerate the importance of a relatively minor event, person, or group?",T1.Q12.A1,Enormously,9c468bae-5141-44e3-a9d4-aa4bcd33f904,39e3eb4e-0632-43c0-80f0-e1a09a3d2872,Enormously,0,0,0,0,
Covid_Holisticv1.2,81f0137d4cfd132ce9019c58308d2675c4de86bac1dcadbf309af97c97d7cabe,deb95f2b-f103-4e9f-88d0-99475ca35dc5,https://pe.goodlylabs.org/project/Covid_Holisiticv1.2/task/2885,,CovidArticles/USMightBeComplementingIran.txt,100054,USMightBeComplementingIran.txt,7360da3cdcf83a48e365821654ef0750810f3483efb8e25ad792eed6f4bf0b6f,1870,PYBOSSA,9,1,db606558-20a3-4f99-9c3e-f518b4264fd6,e0834165-64cc-41e5-994f-9be97a16ef93,2020-04-09 20:11:32.104583,2020-04-09 20:21:53.289628,621.185045,Holistic Evaluation of Article,T1.Q13,How likely is this article to affect anyone’s behavior or beliefs?,T1.Q13.A2,Somewhat Likely,458acc8d-8d50-43bb-a25e-5426efaaff76,a2e6ae65-758f-44cf-bf23-a053493df391,Somewhat Likely,0,0,0,0,
Covid_Holisticv1.2,81f0137d4cfd132ce9019c58308d2675c4de86bac1dcadbf309af97c97d7cabe,deb95f2b-f103-4e9f-88d0-99475ca35dc5,https://pe.goodlylabs.org/project/Covid_Holisiticv1.2/task/2885,,CovidArticles/USMightBeComplementingIran.txt,100054,USMightBeComplementingIran.txt,7360da3cdcf83a48e365821654ef0750810f3483efb8e25ad792eed6f4bf0b6f,1870,PYBOSSA,9,1,db606558-20a3-4f99-9c3e-f518b4264fd6,e0834165-64cc-41e5-994f-9be97a16ef93,2020-04-09 20:11:32.104583,2020-04-09 20:21:53.289628,621.185045,Holistic Evaluation of Article,T1.Q14,Are there claims in the article that seem suspicious or wrong?,T1.Q14.A2,Yes (Please highlight them.),aae08aaa-be78-48b1-ad99-b19ee8ff3fa3,8383ed62-ace3-4efd-9ba3-73aa7f388583,Yes (Please highlight them.),1,1,152,333,"the United States is keeping its sanctions against Iran in order to complement the bans\u2019 effect with the scourge of the new coronavirus that he believes might be a US-made bioweapon"
Covid_Holisticv1.2,81f0137d4cfd132ce9019c58308d2675c4de86bac1dcadbf309af97c97d7cabe,deb95f2b-f103-4e9f-88d0-99475ca35dc5,https://pe.goodlylabs.org/project/Covid_Holisiticv1.2/task/2885,,CovidArticles/USMightBeComplementingIran.txt,100054,USMightBeComplementingIran.txt,7360da3cdcf83a48e365821654ef0750810f3483efb8e25ad792eed6f4bf0b6f,1870,PYBOSSA,9,1,db606558-20a3-4f99-9c3e-f518b4264fd6,e0834165-64cc-41e5-994f-9be97a16ef93,2020-04-09 20:11:32.104583,2020-04-09 20:21:53.289628,621.185045,Holistic Evaluation of Article,T1.Q14,Are there claims in the article that seem suspicious or wrong?,T1.Q14.A2,Yes (Please highlight them.),aae08aaa-be78-48b1-ad99-b19ee8ff3fa3,8490720e-c5ac-4a2c-b5b7-75069b1d734e,Yes (Please highlight them.),2,1,337,445,There are too many indications now that the virus has been leaked from a bioweapons lab in the United States
Covid_Holisticv1.2,81f0137d4cfd132ce9019c58308d2675c4de86bac1dcadbf309af97c97d7cabe,deb95f2b-f103-4e9f-88d0-99475ca35dc5,https://pe.goodlylabs.org/project/Covid_Holisiticv1.2/task/2885,,CovidArticles/USMightBeComplementingIran.txt,100054,USMightBeComplementingIran.txt,7360da3cdcf83a48e365821654ef0750810f3483efb8e25ad792eed6f4bf0b6f,1870,PYBOSSA,9,1,db606558-20a3-4f99-9c3e-f518b4264fd6,e0834165-64cc-41e5-994f-9be97a16ef93,2020-04-09 20:11:32.104583,2020-04-09 20:21:53.289628,621.185045,Holistic Evaluation of Article,T1.Q14,Are there claims in the article that seem suspicious or wrong?,T1.Q14.A2,Yes (Please highlight them.),aae08aaa-be78-48b1-ad99-b19ee8ff3fa3,e5a30cc6-424d-45f8-ac4e-58e426aa28cc,Yes (Please highlight them.),3,1,595,776,"if it\u2019s a weapon, then, they would not want to do that. If it\u2019s a weapon, then, they are going to want to use the sanctions as part of the other weapon to force Iran into submission"
Covid_Holisticv1.2,81f0137d4cfd132ce9019c58308d2675c4de86bac1dcadbf309af97c97d7cabe,deb95f2b-f103-4e9f-88d0-99475ca35dc5,https://pe.goodlylabs.org/project/Covid_Holisiticv1.2/task/2885,,CovidArticles/USMightBeComplementingIran.txt,100054,USMightBeComplementingIran.txt,7360da3cdcf83a48e365821654ef0750810f3483efb8e25ad792eed6f4bf0b6f,1870,PYBOSSA,9,1,db606558-20a3-4f99-9c3e-f518b4264fd6,e0834165-64cc-41e5-994f-9be97a16ef93,2020-04-09 20:11:32.104583,2020-04-09 20:21:53.289628,621.185045,Holistic Evaluation of Article,T1.Q14,Are there claims in the article that seem suspicious or wrong?,T1.Q14.A2,Yes (Please highlight them.),aae08aaa-be78-48b1-ad99-b19ee8ff3fa3,8358c19b-309b-44fb-8566-68e0d9e875df,Yes (Please highlight them.),4,1,953,1100,"The reason behind the confusion, he added, might be that the virus is \u201ca form of warfare that has to remain secret in order for it to be successful"
Covid_Holisticv1.2,81f0137d4cfd132ce9019c58308d2675c4de86bac1dcadbf309af97c97d7cabe,deb95f2b-f103-4e9f-88d0-99475ca35dc5,https://pe.goodlylabs.org/project/Covid_Holisiticv1.2/task/2885,,CovidArticles/USMightBeComplementingIran.txt,100054,USMightBeComplementingIran.txt,7360da3cdcf83a48e365821654ef0750810f3483efb8e25ad792eed6f4bf0b6f,1870,PYBOSSA,9,1,db606558-20a3-4f99-9c3e-f518b4264fd6,e0834165-64cc-41e5-994f-9be97a16ef93,2020-04-09 20:11:32.104583,2020-04-09 20:21:53.289628,621.185045,Holistic Evaluation of Article,T1.Q15,What is/are the problem/s with the suspicious claim/s?,T1.Q15.A1,The claim needs a fact check before readers can trust it.,16689975-c664-403e-bac2-517192789609,407389ee-4a0b-43c9-978b-479c6dd7e10c,The claim needs a fact check before readers can trust it.,1,1,152,333,"the United States is keeping its sanctions against Iran in order to complement the bans\u2019 effect with the scourge of the new coronavirus that he believes might be a US-made bioweapon"
Covid_Holisticv1.2,81f0137d4cfd132ce9019c58308d2675c4de86bac1dcadbf309af97c97d7cabe,deb95f2b-f103-4e9f-88d0-99475ca35dc5,https://pe.goodlylabs.org/project/Covid_Holisiticv1.2/task/2885,,CovidArticles/USMightBeComplementingIran.txt,100054,USMightBeComplementingIran.txt,7360da3cdcf83a48e365821654ef0750810f3483efb8e25ad792eed6f4bf0b6f,1870,PYBOSSA,9,1,db606558-20a3-4f99-9c3e-f518b4264fd6,e0834165-64cc-41e5-994f-9be97a16ef93,2020-04-09 20:11:32.104583,2020-04-09 20:21:53.289628,621.185045,Holistic Evaluation of Article,T1.Q15,What is/are the problem/s with the suspicious claim/s?,T1.Q15.A1,The claim needs a fact check before readers can trust it.,16689975-c664-403e-bac2-517192789609,d1d9138f-bfd1-4262-a09c-2672e0410351,The claim needs a fact check before readers can trust it.,2,1,337,445,There are too many indications now that the virus has been leaked from a bioweapons lab in the United States
Covid_Holisticv1.2,81f0137d4cfd132ce9019c58308d2675c4de86bac1dcadbf309af97c97d7cabe,deb95f2b-f103-4e9f-88d0-99475ca35dc5,https://pe.goodlylabs.org/project/Covid_Holisiticv1.2/task/2885,,CovidArticles/USMightBeComplementingIran.txt,100054,USMightBeComplementingIran.txt,7360da3cdcf83a48e365821654ef0750810f3483efb8e25ad792eed6f4bf0b6f,1870,PYBOSSA,9,1,db606558-20a3-4f99-9c3e-f518b4264fd6,e0834165-64cc-41e5-994f-9be97a16ef93,2020-04-09 20:11:32.104583,2020-04-09 20:21:53.289628,621.185045,Holistic Evaluation of Article,T1.Q15,What is/are the problem/s with the suspicious claim/s?,T1.Q15.A1,The claim needs a fact check before readers can trust it.,16689975-c664-403e-bac2-517192789609,5e871581-8670-493b-b6d3-8a131ba8d7ae,The claim needs a fact check before readers can trust it.,3,1,595,776,"if it\u2019s a weapon, then, they would not want to do that. If it\u2019s a weapon, then, they are going to want to use the sanctions as part of the other weapon to force Iran into submission"
Covid_Holisticv1.2,81f0137d4cfd132ce9019c58308d2675c4de86bac1dcadbf309af97c97d7cabe,deb95f2b-f103-4e9f-88d0-99475ca35dc5,https://pe.goodlylabs.org/project/Covid_Holisiticv1.2/task/2885,,CovidArticles/USMightBeComplementingIran.txt,100054,USMightBeComplementingIran.txt,7360da3cdcf83a48e365821654ef0750810f3483efb8e25ad792eed6f4bf0b6f,1870,PYBOSSA,9,1,db606558-20a3-4f99-9c3e-f518b4264fd6,e0834165-64cc-41e5-994f-9be97a16ef93,2020-04-09 20:11:32.104583,2020-04-09 20:21:53.289628,621.185045,Holistic Evaluation of Article,T1.Q15,What is/are the problem/s with the suspicious claim/s?,T1.Q15.A1,The claim needs a fact check before readers can trust it.,16689975-c664-403e-bac2-517192789609,03882dff-4b3a-4a1e-a2ba-b79114a7860a,The claim needs a fact check before readers can trust it.,4,1,953,1100,"The reason behind the confusion, he added, might be that the virus is \u201ca form of warfare that has to remain secret in order for it to be successful"
Covid_Holisticv1.2,81f0137d4cfd132ce9019c58308d2675c4de86bac1dcadbf309af97c97d7cabe,deb95f2b-f103-4e9f-88d0-99475ca35dc5,https://pe.goodlylabs.org/project/Covid_Holisiticv1.2/task/2885,,CovidArticles/USMightBeComplementingIran.txt,100054,USMightBeComplementingIran.txt,7360da3cdcf83a48e365821654ef0750810f3483efb8e25ad792eed6f4bf0b6f,1870,PYBOSSA,9,1,db606558-20a3-4f99-9c3e-f518b4264fd6,e0834165-64cc-41e5-994f-9be97a16ef93,2020-04-09 20:11:32.104583,2020-04-09 20:21:53.289628,621.185045,Holistic Evaluation of Article,T1.Q17,"How difficult was this task for you, on the whole?",T1.Q17.A4,4,8f4d302b-3718-431a-8cf2-0ce497d0fe78,2343c6b2-0351-40f9-8102-8b2fe2a87962,4,0,0,0,0,
Covid_Holisticv1.2,81f0137d4cfd132ce9019c58308d2675c4de86bac1dcadbf309af97c97d7cabe,deb95f2b-f103-4e9f-88d0-99475ca35dc5,https://pe.goodlylabs.org/project/Covid_Holisiticv1.2/task/2885,,CovidArticles/USMightBeComplementingIran.txt,100054,USMightBeComplementingIran.txt,7360da3cdcf83a48e365821654ef0750810f3483efb8e25ad792eed6f4bf0b6f,1870,PYBOSSA,9,1,db606558-20a3-4f99-9c3e-f518b4264fd6,e0834165-64cc-41e5-994f-9be97a16ef93,2020-04-09 20:11:32.104583,2020-04-09 20:21:53.289628,621.185045,Holistic Evaluation of Article,T1.Q18,"How confident are you about your answers, on the whole?",T1.Q18.A9,9,dd9c1c5f-d92e-4433-8361-7c8a30ba48a5,f3c7f3f4-2462-40fc-8b7f-5b5f270250fc,9,0,0,0,0,
Covid_Holisticv1.2,81f0137d4cfd132ce9019c58308d2675c4de86bac1dcadbf309af97c97d7cabe,90573eb9-2721-43c2-aea4-974a597700fc,https://pe.goodlylabs.org/project/Covid_Holisiticv1.2/task/2889,,CovidArticles/SARS-CoV-2CanLiveOnPlastic.txt,100058,SARS-CoV-2CanLiveOnPlastic.txt,be0b18a87d4370fa579180ef26dcb7080598f27f9ec76181f2cfd851f320da06,2499,PYBOSSA,9,1,6b4f9236-5f60-4d10-ad7e-7963a2944b8f,8f5ca426-1f9e-4999-b229-0f567b6a5a84,2020-06-18 04:11:16.384404,2020-06-18 04:14:29.125220,192.740816,Holistic Evaluation of Article,T1.Q1,What type of article is this?,T1.Q1.A1,News report,5aff36a3-f8c5-4e24-b28f-6b1bc7527694,e30036bd-7bef-455f-bee2-790972309ef1,News report,0,0,0,0,
Covid_Holisticv1.2,81f0137d4cfd132ce9019c58308d2675c4de86bac1dcadbf309af97c97d7cabe,90573eb9-2721-43c2-aea4-974a597700fc,https://pe.goodlylabs.org/project/Covid_Holisiticv1.2/task/2889,,CovidArticles/SARS-CoV-2CanLiveOnPlastic.txt,100058,SARS-CoV-2CanLiveOnPlastic.txt,be0b18a87d4370fa579180ef26dcb7080598f27f9ec76181f2cfd851f320da06,2499,PYBOSSA,9,1,6b4f9236-5f60-4d10-ad7e-7963a2944b8f,8f5ca426-1f9e-4999-b229-0f567b6a5a84,2020-06-18 04:11:16.384404,2020-06-18 04:14:29.125220,192.740816,Holistic Evaluation of Article,T1.Q3,What is the article's topic area? (check all that apply),T1.Q3.A4,Science,4d5ac563-1ee0-4fb0-a6f9-7b397583c91d,b3f13b00-1170-402e-8e09-93ee8337c00f,Science,0,0,0,0,
Covid_Holisticv1.2,81f0137d4cfd132ce9019c58308d2675c4de86bac1dcadbf309af97c97d7cabe,90573eb9-2721-43c2-aea4-974a597700fc,https://pe.goodlylabs.org/project/Covid_Holisiticv1.2/task/2889,,CovidArticles/SARS-CoV-2CanLiveOnPlastic.txt,100058,SARS-CoV-2CanLiveOnPlastic.txt,be0b18a87d4370fa579180ef26dcb7080598f27f9ec76181f2cfd851f320da06,2499,PYBOSSA,9,1,6b4f9236-5f60-4d10-ad7e-7963a2944b8f,8f5ca426-1f9e-4999-b229-0f567b6a5a84,2020-06-18 04:11:16.384404,2020-06-18 04:14:29.125220,192.740816,Holistic Evaluation of Article,T1.Q3,What is the article's topic area? (check all that apply),T1.Q3.A1,U.S. Events,f438b7f8-8de0-4ac8-9c03-939382292cd8,4c636410-63f1-40fe-a894-903ec0450e0d,U.S. Events,0,0,0,0,
Covid_Holisticv1.2,81f0137d4cfd132ce9019c58308d2675c4de86bac1dcadbf309af97c97d7cabe,90573eb9-2721-43c2-aea4-974a597700fc,https://pe.goodlylabs.org/project/Covid_Holisiticv1.2/task/2889,,CovidArticles/SARS-CoV-2CanLiveOnPlastic.txt,100058,SARS-CoV-2CanLiveOnPlastic.txt,be0b18a87d4370fa579180ef26dcb7080598f27f9ec76181f2cfd851f320da06,2499,PYBOSSA,9,1,6b4f9236-5f60-4d10-ad7e-7963a2944b8f,8f5ca426-1f9e-4999-b229-0f567b6a5a84,2020-06-18 04:11:16.384404,2020-06-18 04:14:29.125220,192.740816,Holistic Evaluation of Article,T1.Q3,What is the article's topic area? (check all that apply),T1.Q3.A2,World Events,b289907b-e23e-47f0-814e-068098e555b5,08bae575-5470-46d1-bf87-537eae279946,World Events,0,0,0,0,
Covid_Holisticv1.2,81f0137d4cfd132ce9019c58308d2675c4de86bac1dcadbf309af97c97d7cabe,90573eb9-2721-43c2-aea4-974a597700fc,https://pe.goodlylabs.org/project/Covid_Holisiticv1.2/task/2889,,CovidArticles/SARS-CoV-2CanLiveOnPlastic.txt,100058,SARS-CoV-2CanLiveOnPlastic.txt,be0b18a87d4370fa579180ef26dcb7080598f27f9ec76181f2cfd851f320da06,2499,PYBOSSA,9,1,6b4f9236-5f60-4d10-ad7e-7963a2944b8f,8f5ca426-1f9e-4999-b229-0f567b6a5a84,2020-06-18 04:11:16.384404,2020-06-18 04:14:29.125220,192.740816,Holistic Evaluation of Article,T1.Q5,"Before carefully reading the article, would you have been inclined to agree or disagree with its point of view?",T1.Q5.A2,Somewhat Agree,bb46e280-15ad-4429-b29e-714e8577bf55,279fecf2-c593-4ddd-8358-187865df0131,Somewhat Agree,0,0,0,0,
Covid_Holisticv1.2,81f0137d4cfd132ce9019c58308d2675c4de86bac1dcadbf309af97c97d7cabe,90573eb9-2721-43c2-aea4-974a597700fc,https://pe.goodlylabs.org/project/Covid_Holisiticv1.2/task/2889,,CovidArticles/SARS-CoV-2CanLiveOnPlastic.txt,100058,SARS-CoV-2CanLiveOnPlastic.txt,be0b18a87d4370fa579180ef26dcb7080598f27f9ec76181f2cfd851f320da06,2499,PYBOSSA,9,1,6b4f9236-5f60-4d10-ad7e-7963a2944b8f,8f5ca426-1f9e-4999-b229-0f567b6a5a84,2020-06-18 04:11:16.384404,2020-06-18 04:14:29.125220,192.740816,Holistic Evaluation of Article,T1.Q6,What kind of information does the article include?  (Check all that apply.),T1.Q6.A2,Proposed explanation(s),345578b2-f548-4542-bba9-dab2eadafe27,c6117041-8057-4838-a873-6b72e622018c,Proposed explanation(s),0,0,0,0,
Covid_Holisticv1.2,81f0137d4cfd132ce9019c58308d2675c4de86bac1dcadbf309af97c97d7cabe,90573eb9-2721-43c2-aea4-974a597700fc,https://pe.goodlylabs.org/project/Covid_Holisiticv1.2/task/2889,,CovidArticles/SARS-CoV-2CanLiveOnPlastic.txt,100058,SARS-CoV-2CanLiveOnPlastic.txt,be0b18a87d4370fa579180ef26dcb7080598f27f9ec76181f2cfd851f320da06,2499,PYBOSSA,9,1,6b4f9236-5f60-4d10-ad7e-7963a2944b8f,8f5ca426-1f9e-4999-b229-0f567b6a5a84,2020-06-18 04:11:16.384404,2020-06-18 04:14:29.125220,192.740816,Holistic Evaluation of Article,T1.Q6,What kind of information does the article include?  (Check all that apply.),T1.Q6.A5,Scientific study or discovery,0f15553b-95da-4eec-84f7-6809f5205ff2,4063b4db-ca59-4b37-a956-79ec8c5d5837,Scientific study or discovery,0,0,0,0,
Covid_Holisticv1.2,81f0137d4cfd132ce9019c58308d2675c4de86bac1dcadbf309af97c97d7cabe,90573eb9-2721-43c2-aea4-974a597700fc,https://pe.goodlylabs.org/project/Covid_Holisiticv1.2/task/2889,,CovidArticles/SARS-CoV-2CanLiveOnPlastic.txt,100058,SARS-CoV-2CanLiveOnPlastic.txt,be0b18a87d4370fa579180ef26dcb7080598f27f9ec76181f2cfd851f320da06,2499,PYBOSSA,9,1,6b4f9236-5f60-4d10-ad7e-7963a2944b8f,8f5ca426-1f9e-4999-b229-0f567b6a5a84,2020-06-18 04:11:16.384404,2020-06-18 04:14:29.125220,192.740816,Holistic Evaluation of Article,T1.Q6,What kind of information does the article include?  (Check all that apply.),T1.Q6.A7,Potentially controversial or flawed information,c286e1bc-1151-4875-9e03-e9ba54a2a80e,dd161953-2aa3-4bb7-9d73-d24938879f36,Potentially controversial or flawed information,0,0,0,0,
Covid_Holisticv1.2,81f0137d4cfd132ce9019c58308d2675c4de86bac1dcadbf309af97c97d7cabe,90573eb9-2721-43c2-aea4-974a597700fc,https://pe.goodlylabs.org/project/Covid_Holisiticv1.2/task/2889,,CovidArticles/SARS-CoV-2CanLiveOnPlastic.txt,100058,SARS-CoV-2CanLiveOnPlastic.txt,be0b18a87d4370fa579180ef26dcb7080598f27f9ec76181f2cfd851f320da06,2499,PYBOSSA,9,1,6b4f9236-5f60-4d10-ad7e-7963a2944b8f,8f5ca426-1f9e-4999-b229-0f567b6a5a84,2020-06-18 04:11:16.384404,2020-06-18 04:14:29.125220,192.740816,Holistic Evaluation of Article,T1.Q7,"Given what you know about the world, how *credible* does the article seem to you, overall?",T1.Q7.A2,Fairly credible,bf9fadc4-259c-400e-acd4-55d1ad65fe3f,676e07e4-2c9e-4b7a-a617-740c4ff6fe86,Fairly credible,0,0,0,0,
Covid_Holisticv1.2,81f0137d4cfd132ce9019c58308d2675c4de86bac1dcadbf309af97c97d7cabe,90573eb9-2721-43c2-aea4-974a597700fc,https://pe.goodlylabs.org/project/Covid_Holisiticv1.2/task/2889,,CovidArticles/SARS-CoV-2CanLiveOnPlastic.txt,100058,SARS-CoV-2CanLiveOnPlastic.txt,be0b18a87d4370fa579180ef26dcb7080598f27f9ec76181f2cfd851f320da06,2499,PYBOSSA,9,1,6b4f9236-5f60-4d10-ad7e-7963a2944b8f,8f5ca426-1f9e-4999-b229-0f567b6a5a84,2020-06-18 04:11:16.384404,2020-06-18 04:14:29.125220,192.740816,Holistic Evaluation of Article,T1.Q8,"Given what you know about the world, how *biased* does the article seem to you, overall?",T1.Q8.A5,Not at all biased,e3092d45-b35d-4ef3-a370-10ebad3ac66c,a4e5fd50-0ce0-4535-8286-fb557c156e2f,Not at all biased,0,0,0,0,
Covid_Holisticv1.2,81f0137d4cfd132ce9019c58308d2675c4de86bac1dcadbf309af97c97d7cabe,90573eb9-2721-43c2-aea4-974a597700fc,https://pe.goodlylabs.org/project/Covid_Holisiticv1.2/task/2889,,CovidArticles/SARS-CoV-2CanLiveOnPlastic.txt,100058,SARS-CoV-2CanLiveOnPlastic.txt,be0b18a87d4370fa579180ef26dcb7080598f27f9ec76181f2cfd851f320da06,2499,PYBOSSA,9,1,6b4f9236-5f60-4d10-ad7e-7963a2944b8f,8f5ca426-1f9e-4999-b229-0f567b6a5a84,2020-06-18 04:11:16.384404,2020-06-18 04:14:29.125220,192.740816,Holistic Evaluation of Article,T1.Q10,How would you describe the approach of the article? (Check all that apply.),T1.Q10.A3,Evaluation/analysis of a recent or ongoing event,47b62850-79c3-413e-967b-4e6ae25d0add,f3c49b1a-cc47-4120-a42f-7b134c1a365a,Evaluation/analysis of a recent or ongoing event,0,0,0,0,
Covid_Holisticv1.2,81f0137d4cfd132ce9019c58308d2675c4de86bac1dcadbf309af97c97d7cabe,90573eb9-2721-43c2-aea4-974a597700fc,https://pe.goodlylabs.org/project/Covid_Holisiticv1.2/task/2889,,CovidArticles/SARS-CoV-2CanLiveOnPlastic.txt,100058,SARS-CoV-2CanLiveOnPlastic.txt,be0b18a87d4370fa579180ef26dcb7080598f27f9ec76181f2cfd851f320da06,2499,PYBOSSA,9,1,6b4f9236-5f60-4d10-ad7e-7963a2944b8f,8f5ca426-1f9e-4999-b229-0f567b6a5a84,2020-06-18 04:11:16.384404,2020-06-18 04:14:29.125220,192.740816,Holistic Evaluation of Article,T1.Q10,How would you describe the approach of the article? (Check all that apply.),T1.Q10.A4,Proposed explanation of a phenomenon or event,8ce854d0-0704-45a1-9dfd-3ea211ee73f2,73403242-3452-4643-b1a4-6f7c6acc3710,Proposed explanation of a phenomenon or event,0,0,0,0,
Covid_Holisticv1.2,81f0137d4cfd132ce9019c58308d2675c4de86bac1dcadbf309af97c97d7cabe,90573eb9-2721-43c2-aea4-974a597700fc,https://pe.goodlylabs.org/project/Covid_Holisiticv1.2/task/2889,,CovidArticles/SARS-CoV-2CanLiveOnPlastic.txt,100058,SARS-CoV-2CanLiveOnPlastic.txt,be0b18a87d4370fa579180ef26dcb7080598f27f9ec76181f2cfd851f320da06,2499,PYBOSSA,9,1,6b4f9236-5f60-4d10-ad7e-7963a2944b8f,8f5ca426-1f9e-4999-b229-0f567b6a5a84,2020-06-18 04:11:16.384404,2020-06-18 04:14:29.125220,192.740816,Holistic Evaluation of Article,T1.Q11,Does the article’s title/headline match the text?,T1.Q11.A1,"Yes, without exaggeration (no clickbait)",2b407292-869f-4835-a008-ed202bb49d5f,2e05df69-3ea8-44d8-90c2-20b678dc9bd0,"Yes, without exaggeration (no clickbait)",0,0,0,0,
Covid_Holisticv1.2,81f0137d4cfd132ce9019c58308d2675c4de86bac1dcadbf309af97c97d7cabe,90573eb9-2721-43c2-aea4-974a597700fc,https://pe.goodlylabs.org/project/Covid_Holisiticv1.2/task/2889,,CovidArticles/SARS-CoV-2CanLiveOnPlastic.txt,100058,SARS-CoV-2CanLiveOnPlastic.txt,be0b18a87d4370fa579180ef26dcb7080598f27f9ec76181f2cfd851f320da06,2499,PYBOSSA,9,1,6b4f9236-5f60-4d10-ad7e-7963a2944b8f,8f5ca426-1f9e-4999-b229-0f567b6a5a84,2020-06-18 04:11:16.384404,2020-06-18 04:14:29.125220,192.740816,Holistic Evaluation of Article,T1.Q12,"Does the article exaggerate the importance of a relatively minor event, person, or group?",T1.Q12.A5,Not at all,1ccec24c-b736-4fff-909f-3ef86ca193ab,8f701bb3-f403-4618-819d-5cae5d1d1c73,Not at all,0,0,0,0,
Covid_Holisticv1.2,81f0137d4cfd132ce9019c58308d2675c4de86bac1dcadbf309af97c97d7cabe,90573eb9-2721-43c2-aea4-974a597700fc,https://pe.goodlylabs.org/project/Covid_Holisiticv1.2/task/2889,,CovidArticles/SARS-CoV-2CanLiveOnPlastic.txt,100058,SARS-CoV-2CanLiveOnPlastic.txt,be0b18a87d4370fa579180ef26dcb7080598f27f9ec76181f2cfd851f320da06,2499,PYBOSSA,9,1,6b4f9236-5f60-4d10-ad7e-7963a2944b8f,8f5ca426-1f9e-4999-b229-0f567b6a5a84,2020-06-18 04:11:16.384404,2020-06-18 04:14:29.125220,192.740816,Holistic Evaluation of Article,T1.Q13,How likely is this article to affect anyone’s behavior or beliefs?,T1.Q13.A1,Very Likely,43160303-d17c-481a-92d1-46758ff35fa2,8018d301-0504-4d59-b71c-7b9c3a150dd8,Very Likely,0,0,0,0,
Covid_Holisticv1.2,81f0137d4cfd132ce9019c58308d2675c4de86bac1dcadbf309af97c97d7cabe,90573eb9-2721-43c2-aea4-974a597700fc,https://pe.goodlylabs.org/project/Covid_Holisiticv1.2/task/2889,,CovidArticles/SARS-CoV-2CanLiveOnPlastic.txt,100058,SARS-CoV-2CanLiveOnPlastic.txt,be0b18a87d4370fa579180ef26dcb7080598f27f9ec76181f2cfd851f320da06,2499,PYBOSSA,9,1,6b4f9236-5f60-4d10-ad7e-7963a2944b8f,8f5ca426-1f9e-4999-b229-0f567b6a5a84,2020-06-18 04:11:16.384404,2020-06-18 04:14:29.125220,192.740816,Holistic Evaluation of Article,T1.Q14,Are there claims in the article that seem suspicious or wrong?,T1.Q14.A1,No,f4a0fed1-ecde-46e0-b517-8b31f99e15e5,be57fa94-a9de-45f3-97af-52a097430a82,No,0,0,0,0,
Covid_Holisticv1.2,81f0137d4cfd132ce9019c58308d2675c4de86bac1dcadbf309af97c97d7cabe,90573eb9-2721-43c2-aea4-974a597700fc,https://pe.goodlylabs.org/project/Covid_Holisiticv1.2/task/2889,,CovidArticles/SARS-CoV-2CanLiveOnPlastic.txt,100058,SARS-CoV-2CanLiveOnPlastic.txt,be0b18a87d4370fa579180ef26dcb7080598f27f9ec76181f2cfd851f320da06,2499,PYBOSSA,9,1,6b4f9236-5f60-4d10-ad7e-7963a2944b8f,8f5ca426-1f9e-4999-b229-0f567b6a5a84,2020-06-18 04:11:16.384404,2020-06-18 04:14:29.125220,192.740816,Holistic Evaluation of Article,T1.Q17,"How difficult was this task for you, on the whole?",T1.Q17.A5,5: Middling difficulty,e4c0690b-25bb-467a-9710-46c6db00a976,50a494d2-f0fc-4ca7-a8bb-31c39180b830,5: Middling difficulty,0,0,0,0,
Covid_Holisticv1.2,81f0137d4cfd132ce9019c58308d2675c4de86bac1dcadbf309af97c97d7cabe,90573eb9-2721-43c2-aea4-974a597700fc,https://pe.goodlylabs.org/project/Covid_Holisiticv1.2/task/2889,,CovidArticles/SARS-CoV-2CanLiveOnPlastic.txt,100058,SARS-CoV-2CanLiveOnPlastic.txt,be0b18a87d4370fa579180ef26dcb7080598f27f9ec76181f2cfd851f320da06,2499,PYBOSSA,9,1,6b4f9236-5f60-4d10-ad7e-7963a2944b8f,8f5ca426-1f9e-4999-b229-0f567b6a5a84,2020-06-18 04:11:16.384404,2020-06-18 04:14:29.125220,192.740816,Holistic Evaluation of Article,T1.Q18,"How confident are you about your answers, on the whole?",T1.Q18.A8,8,e5a0a91b-78f0-46e7-ab59-78503ac0ef9f,c5691669-bb61-4eed-a6c9-f9fc8fa05be9,8,0,0,0,0,
Covid_Holisticv1.2,81f0137d4cfd132ce9019c58308d2675c4de86bac1dcadbf309af97c97d7cabe,a0398b30-583f-4809-9f4c-1dd499e79205,https://pe.goodlylabs.org/project/Covid_Holisiticv1.2/task/2928,,CovidArticles/Covid_article_for_PE_S&S&S.txt,100059,Covid_article_for_PE_S&S&S.txt,4b537e0ed21179a29ed28da28057d338e67330ae12123ccceba6724f35bd68a4,6794,PYBOSSA,9,1,1910e4f6-8d50-44b1-8815-1bf2b4f776ca,e0834165-64cc-41e5-994f-9be97a16ef93,2020-08-04 17:33:28.419191,2020-08-04 17:36:39.600244,191.181053,Holistic Evaluation of Article,T1.Q1,What type of article is this?,T1.Q1.A1,News report,5aff36a3-f8c5-4e24-b28f-6b1bc7527694,9abd64e4-4f78-47fd-9e40-035e8361de44,News report,0,0,0,0,
Covid_Holisticv1.2,81f0137d4cfd132ce9019c58308d2675c4de86bac1dcadbf309af97c97d7cabe,a0398b30-583f-4809-9f4c-1dd499e79205,https://pe.goodlylabs.org/project/Covid_Holisiticv1.2/task/2928,,CovidArticles/Covid_article_for_PE_S&S&S.txt,100059,Covid_article_for_PE_S&S&S.txt,4b537e0ed21179a29ed28da28057d338e67330ae12123ccceba6724f35bd68a4,6794,PYBOSSA,9,1,1910e4f6-8d50-44b1-8815-1bf2b4f776ca,e0834165-64cc-41e5-994f-9be97a16ef93,2020-08-04 17:33:28.419191,2020-08-04 17:36:39.600244,191.181053,Holistic Evaluation of Article,T1.Q3,What is the article's topic area? (check all that apply),T1.Q3.A2,World Events,b289907b-e23e-47f0-814e-068098e555b5,402cf02a-d19b-4921-ae44-a0af4671564a,World Events,0,0,0,0,
Covid_Holisticv1.2,81f0137d4cfd132ce9019c58308d2675c4de86bac1dcadbf309af97c97d7cabe,a0398b30-583f-4809-9f4c-1dd499e79205,https://pe.goodlylabs.org/project/Covid_Holisiticv1.2/task/2928,,CovidArticles/Covid_article_for_PE_S&S&S.txt,100059,Covid_article_for_PE_S&S&S.txt,4b537e0ed21179a29ed28da28057d338e67330ae12123ccceba6724f35bd68a4,6794,PYBOSSA,9,1,1910e4f6-8d50-44b1-8815-1bf2b4f776ca,e0834165-64cc-41e5-994f-9be97a16ef93,2020-08-04 17:33:28.419191,2020-08-04 17:36:39.600244,191.181053,Holistic Evaluation of Article,T1.Q3,What is the article's topic area? (check all that apply),T1.Q3.A5,Health,81470c96-ba06-44b1-b70e-10eeaea4093b,1b3511b6-e4c0-498f-b66f-12217a75a03c,Health,0,0,0,0,
Covid_Holisticv1.2,81f0137d4cfd132ce9019c58308d2675c4de86bac1dcadbf309af97c97d7cabe,a0398b30-583f-4809-9f4c-1dd499e79205,https://pe.goodlylabs.org/project/Covid_Holisiticv1.2/task/2928,,CovidArticles/Covid_article_for_PE_S&S&S.txt,100059,Covid_article_for_PE_S&S&S.txt,4b537e0ed21179a29ed28da28057d338e67330ae12123ccceba6724f35bd68a4,6794,PYBOSSA,9,1,1910e4f6-8d50-44b1-8815-1bf2b4f776ca,e0834165-64cc-41e5-994f-9be97a16ef93,2020-08-04 17:33:28.419191,2020-08-04 17:36:39.600244,191.181053,Holistic Evaluation of Article,T1.Q3,What is the article's topic area? (check all that apply),T1.Q3.A4,Science,4d5ac563-1ee0-4fb0-a6f9-7b397583c91d,05b74fc3-1db9-4757-82ba-da154d6f5fa3,Science,0,0,0,0,
Covid_Holisticv1.2,81f0137d4cfd132ce9019c58308d2675c4de86bac1dcadbf309af97c97d7cabe,a0398b30-583f-4809-9f4c-1dd499e79205,https://pe.goodlylabs.org/project/Covid_Holisiticv1.2/task/2928,,CovidArticles/Covid_article_for_PE_S&S&S.txt,100059,Covid_article_for_PE_S&S&S.txt,4b537e0ed21179a29ed28da28057d338e67330ae12123ccceba6724f35bd68a4,6794,PYBOSSA,9,1,1910e4f6-8d50-44b1-8815-1bf2b4f776ca,e0834165-64cc-41e5-994f-9be97a16ef93,2020-08-04 17:33:28.419191,2020-08-04 17:36:39.600244,191.181053,Holistic Evaluation of Article,T1.Q5,"Before carefully reading the article, would you have been inclined to agree or disagree with its point of view?",T1.Q5.A2,Somewhat Agree,bb46e280-15ad-4429-b29e-714e8577bf55,64a094d3-c694-4b29-b444-cea4f1548a79,Somewhat Agree,0,0,0,0,
Covid_Holisticv1.2,81f0137d4cfd132ce9019c58308d2675c4de86bac1dcadbf309af97c97d7cabe,a0398b30-583f-4809-9f4c-1dd499e79205,https://pe.goodlylabs.org/project/Covid_Holisiticv1.2/task/2928,,CovidArticles/Covid_article_for_PE_S&S&S.txt,100059,Covid_article_for_PE_S&S&S.txt,4b537e0ed21179a29ed28da28057d338e67330ae12123ccceba6724f35bd68a4,6794,PYBOSSA,9,1,1910e4f6-8d50-44b1-8815-1bf2b4f776ca,e0834165-64cc-41e5-994f-9be97a16ef93,2020-08-04 17:33:28.419191,2020-08-04 17:36:39.600244,191.181053,Holistic Evaluation of Article,T1.Q6,What kind of information does the article include?  (Check all that apply.),T1.Q6.A1,Arguments,7777bc23-3ddb-407f-b3cb-509cadc136ba,b3db5e81-edaa-448f-8f72-40200f79887f,Arguments,0,0,0,0,
Covid_Holisticv1.2,81f0137d4cfd132ce9019c58308d2675c4de86bac1dcadbf309af97c97d7cabe,a0398b30-583f-4809-9f4c-1dd499e79205,https://pe.goodlylabs.org/project/Covid_Holisiticv1.2/task/2928,,CovidArticles/Covid_article_for_PE_S&S&S.txt,100059,Covid_article_for_PE_S&S&S.txt,4b537e0ed21179a29ed28da28057d338e67330ae12123ccceba6724f35bd68a4,6794,PYBOSSA,9,1,1910e4f6-8d50-44b1-8815-1bf2b4f776ca,e0834165-64cc-41e5-994f-9be97a16ef93,2020-08-04 17:33:28.419191,2020-08-04 17:36:39.600244,191.181053,Holistic Evaluation of Article,T1.Q6,What kind of information does the article include?  (Check all that apply.),T1.Q6.A2,Proposed explanation(s),345578b2-f548-4542-bba9-dab2eadafe27,6a9ae745-7d61-4e4a-8a5d-ba3063078e07,Proposed explanation(s),0,0,0,0,
Covid_Holisticv1.2,81f0137d4cfd132ce9019c58308d2675c4de86bac1dcadbf309af97c97d7cabe,a0398b30-583f-4809-9f4c-1dd499e79205,https://pe.goodlylabs.org/project/Covid_Holisiticv1.2/task/2928,,CovidArticles/Covid_article_for_PE_S&S&S.txt,100059,Covid_article_for_PE_S&S&S.txt,4b537e0ed21179a29ed28da28057d338e67330ae12123ccceba6724f35bd68a4,6794,PYBOSSA,9,1,1910e4f6-8d50-44b1-8815-1bf2b4f776ca,e0834165-64cc-41e5-994f-9be97a16ef93,2020-08-04 17:33:28.419191,2020-08-04 17:36:39.600244,191.181053,Holistic Evaluation of Article,T1.Q6,What kind of information does the article include?  (Check all that apply.),T1.Q6.A5,Scientific study or discovery,0f15553b-95da-4eec-84f7-6809f5205ff2,38d01c9a-ba04-43cc-85cb-9b87820664aa,Scientific study or discovery,0,0,0,0,
Covid_Holisticv1.2,81f0137d4cfd132ce9019c58308d2675c4de86bac1dcadbf309af97c97d7cabe,a0398b30-583f-4809-9f4c-1dd499e79205,https://pe.goodlylabs.org/project/Covid_Holisiticv1.2/task/2928,,CovidArticles/Covid_article_for_PE_S&S&S.txt,100059,Covid_article_for_PE_S&S&S.txt,4b537e0ed21179a29ed28da28057d338e67330ae12123ccceba6724f35bd68a4,6794,PYBOSSA,9,1,1910e4f6-8d50-44b1-8815-1bf2b4f776ca,e0834165-64cc-41e5-994f-9be97a16ef93,2020-08-04 17:33:28.419191,2020-08-04 17:36:39.600244,191.181053,Holistic Evaluation of Article,T1.Q7,"Given what you know about the world, how *credible* does the article seem to you, overall?",T1.Q7.A2,Fairly credible,bf9fadc4-259c-400e-acd4-55d1ad65fe3f,7e2d75d2-fa07-4b3a-a6c3-09e2894b8c32,Fairly credible,0,0,0,0,
Covid_Holisticv1.2,81f0137d4cfd132ce9019c58308d2675c4de86bac1dcadbf309af97c97d7cabe,a0398b30-583f-4809-9f4c-1dd499e79205,https://pe.goodlylabs.org/project/Covid_Holisiticv1.2/task/2928,,CovidArticles/Covid_article_for_PE_S&S&S.txt,100059,Covid_article_for_PE_S&S&S.txt,4b537e0ed21179a29ed28da28057d338e67330ae12123ccceba6724f35bd68a4,6794,PYBOSSA,9,1,1910e4f6-8d50-44b1-8815-1bf2b4f776ca,e0834165-64cc-41e5-994f-9be97a16ef93,2020-08-04 17:33:28.419191,2020-08-04 17:36:39.600244,191.181053,Holistic Evaluation of Article,T1.Q8,"Given what you know about the world, how *biased* does the article seem to you, overall?",T1.Q8.A4,Mildly biased,5a8ae4eb-c2df-4e58-b0c8-cd2d07204c11,cf75c867-65c7-444c-85ae-fe2b0f9e0ea0,Mildly biased,0,0,0,0,
Covid_Holisticv1.2,81f0137d4cfd132ce9019c58308d2675c4de86bac1dcadbf309af97c97d7cabe,a0398b30-583f-4809-9f4c-1dd499e79205,https://pe.goodlylabs.org/project/Covid_Holisiticv1.2/task/2928,,CovidArticles/Covid_article_for_PE_S&S&S.txt,100059,Covid_article_for_PE_S&S&S.txt,4b537e0ed21179a29ed28da28057d338e67330ae12123ccceba6724f35bd68a4,6794,PYBOSSA,9,1,1910e4f6-8d50-44b1-8815-1bf2b4f776ca,e0834165-64cc-41e5-994f-9be97a16ef93,2020-08-04 17:33:28.419191,2020-08-04 17:36:39.600244,191.181053,Holistic Evaluation of Article,T1.Q9,What kind of bias is apparent in the article? Check all that apply.,T1.Q9.A9,Other,787942e7-d565-4881-a077-c6784df39f91,98de746f-8c64-482c-9d55-17359661b17b,Other,0,0,0,0,
Covid_Holisticv1.2,81f0137d4cfd132ce9019c58308d2675c4de86bac1dcadbf309af97c97d7cabe,a0398b30-583f-4809-9f4c-1dd499e79205,https://pe.goodlylabs.org/project/Covid_Holisiticv1.2/task/2928,,CovidArticles/Covid_article_for_PE_S&S&S.txt,100059,Covid_article_for_PE_S&S&S.txt,4b537e0ed21179a29ed28da28057d338e67330ae12123ccceba6724f35bd68a4,6794,PYBOSSA,9,1,1910e4f6-8d50-44b1-8815-1bf2b4f776ca,e0834165-64cc-41e5-994f-9be97a16ef93,2020-08-04 17:33:28.419191,2020-08-04 17:36:39.600244,191.181053,Holistic Evaluation of Article,T1.Q10,How would you describe the approach of the article? (Check all that apply.),T1.Q10.A3,Evaluation/analysis of a recent or ongoing event,47b62850-79c3-413e-967b-4e6ae25d0add,70fe54fe-93b4-4720-8cd2-a8ad0dc7e385,Evaluation/analysis of a recent or ongoing event,0,0,0,0,
Covid_Holisticv1.2,81f0137d4cfd132ce9019c58308d2675c4de86bac1dcadbf309af97c97d7cabe,a0398b30-583f-4809-9f4c-1dd499e79205,https://pe.goodlylabs.org/project/Covid_Holisiticv1.2/task/2928,,CovidArticles/Covid_article_for_PE_S&S&S.txt,100059,Covid_article_for_PE_S&S&S.txt,4b537e0ed21179a29ed28da28057d338e67330ae12123ccceba6724f35bd68a4,6794,PYBOSSA,9,1,1910e4f6-8d50-44b1-8815-1bf2b4f776ca,e0834165-64cc-41e5-994f-9be97a16ef93,2020-08-04 17:33:28.419191,2020-08-04 17:36:39.600244,191.181053,Holistic Evaluation of Article,T1.Q10,How would you describe the approach of the article? (Check all that apply.),T1.Q10.A4,Proposed explanation of a phenomenon or event,8ce854d0-0704-45a1-9dfd-3ea211ee73f2,69fb390b-caf3-45ae-b7a4-29257fb9a11c,Proposed explanation of a phenomenon or event,0,0,0,0,
Covid_Holisticv1.2,81f0137d4cfd132ce9019c58308d2675c4de86bac1dcadbf309af97c97d7cabe,a0398b30-583f-4809-9f4c-1dd499e79205,https://pe.goodlylabs.org/project/Covid_Holisiticv1.2/task/2928,,CovidArticles/Covid_article_for_PE_S&S&S.txt,100059,Covid_article_for_PE_S&S&S.txt,4b537e0ed21179a29ed28da28057d338e67330ae12123ccceba6724f35bd68a4,6794,PYBOSSA,9,1,1910e4f6-8d50-44b1-8815-1bf2b4f776ca,e0834165-64cc-41e5-994f-9be97a16ef93,2020-08-04 17:33:28.419191,2020-08-04 17:36:39.600244,191.181053,Holistic Evaluation of Article,T1.Q11,Does the article’s title/headline match the text?,T1.Q11.A1,"Yes, without exaggeration (no clickbait)",2b407292-869f-4835-a008-ed202bb49d5f,301fc6e1-0492-4f5e-bef8-96b6139d18ac,"Yes, without exaggeration (no clickbait)",0,0,0,0,
Covid_Holisticv1.2,81f0137d4cfd132ce9019c58308d2675c4de86bac1dcadbf309af97c97d7cabe,a0398b30-583f-4809-9f4c-1dd499e79205,https://pe.goodlylabs.org/project/Covid_Holisiticv1.2/task/2928,,CovidArticles/Covid_article_for_PE_S&S&S.txt,100059,Covid_article_for_PE_S&S&S.txt,4b537e0ed21179a29ed28da28057d338e67330ae12123ccceba6724f35bd68a4,6794,PYBOSSA,9,1,1910e4f6-8d50-44b1-8815-1bf2b4f776ca,e0834165-64cc-41e5-994f-9be97a16ef93,2020-08-04 17:33:28.419191,2020-08-04 17:36:39.600244,191.181053,Holistic Evaluation of Article,T1.Q12,"Does the article exaggerate the importance of a relatively minor event, person, or group?",T1.Q12.A5,Not at all,1ccec24c-b736-4fff-909f-3ef86ca193ab,1db98116-0bf3-4b06-9716-a5a65c38d564,Not at all,0,0,0,0,
Covid_Holisticv1.2,81f0137d4cfd132ce9019c58308d2675c4de86bac1dcadbf309af97c97d7cabe,a0398b30-583f-4809-9f4c-1dd499e79205,https://pe.goodlylabs.org/project/Covid_Holisiticv1.2/task/2928,,CovidArticles/Covid_article_for_PE_S&S&S.txt,100059,Covid_article_for_PE_S&S&S.txt,4b537e0ed21179a29ed28da28057d338e67330ae12123ccceba6724f35bd68a4,6794,PYBOSSA,9,1,1910e4f6-8d50-44b1-8815-1bf2b4f776ca,e0834165-64cc-41e5-994f-9be97a16ef93,2020-08-04 17:33:28.419191,2020-08-04 17:36:39.600244,191.181053,Holistic Evaluation of Article,T1.Q13,How likely is this article to affect anyone’s behavior or beliefs?,T1.Q13.A2,Somewhat Likely,458acc8d-8d50-43bb-a25e-5426efaaff76,3ef3fbeb-1e0b-4e6f-bb87-f462453d4d21,Somewhat Likely,0,0,0,0,
Covid_Holisticv1.2,81f0137d4cfd132ce9019c58308d2675c4de86bac1dcadbf309af97c97d7cabe,a0398b30-583f-4809-9f4c-1dd499e79205,https://pe.goodlylabs.org/project/Covid_Holisiticv1.2/task/2928,,CovidArticles/Covid_article_for_PE_S&S&S.txt,100059,Covid_article_for_PE_S&S&S.txt,4b537e0ed21179a29ed28da28057d338e67330ae12123ccceba6724f35bd68a4,6794,PYBOSSA,9,1,1910e4f6-8d50-44b1-8815-1bf2b4f776ca,e0834165-64cc-41e5-994f-9be97a16ef93,2020-08-04 17:33:28.419191,2020-08-04 17:36:39.600244,191.181053,Holistic Evaluation of Article,T1.Q14,Are there claims in the article that seem suspicious or wrong?,T1.Q14.A1,No,f4a0fed1-ecde-46e0-b517-8b31f99e15e5,6a51165a-75f7-4517-b196-f7ed08ec27bb,No,0,0,0,0,
Covid_Holisticv1.2,81f0137d4cfd132ce9019c58308d2675c4de86bac1dcadbf309af97c97d7cabe,a0398b30-583f-4809-9f4c-1dd499e79205,https://pe.goodlylabs.org/project/Covid_Holisiticv1.2/task/2928,,CovidArticles/Covid_article_for_PE_S&S&S.txt,100059,Covid_article_for_PE_S&S&S.txt,4b537e0ed21179a29ed28da28057d338e67330ae12123ccceba6724f35bd68a4,6794,PYBOSSA,9,1,1910e4f6-8d50-44b1-8815-1bf2b4f776ca,e0834165-64cc-41e5-994f-9be97a16ef93,2020-08-04 17:33:28.419191,2020-08-04 17:36:39.600244,191.181053,Holistic Evaluation of Article,T1.Q15,What is/are the problem/s with the suspicious claim/s?,T1.Q15.A4,Other,712346c8-03b3-46e8-98a8-3792a8b33954,388c833f-4a63-4de0-ba46-72b9f8f167b3,Other,1,1,2674,2681,College
Covid_Holisticv1.2,81f0137d4cfd132ce9019c58308d2675c4de86bac1dcadbf309af97c97d7cabe,a0398b30-583f-4809-9f4c-1dd499e79205,https://pe.goodlylabs.org/project/Covid_Holisiticv1.2/task/2928,,CovidArticles/Covid_article_for_PE_S&S&S.txt,100059,Covid_article_for_PE_S&S&S.txt,4b537e0ed21179a29ed28da28057d338e67330ae12123ccceba6724f35bd68a4,6794,PYBOSSA,9,1,1910e4f6-8d50-44b1-8815-1bf2b4f776ca,e0834165-64cc-41e5-994f-9be97a16ef93,2020-08-04 17:33:28.419191,2020-08-04 17:36:39.600244,191.181053,Holistic Evaluation of Article,T1.Q16,You said there was some other reason the claim/s were suspicious. What are they?,T1.Q16.A1,placeholder answer for TEXT,4c273b48-88ce-4c78-bc3c-d03c2a0f21fd,fee44e90-a351-4eab-8803-e8ed479d0a3a,fix your schema... I said there were no suspicious claims in Q14,0,0,0,0,
Covid_Holisticv1.2,81f0137d4cfd132ce9019c58308d2675c4de86bac1dcadbf309af97c97d7cabe,a0398b30-583f-4809-9f4c-1dd499e79205,https://pe.goodlylabs.org/project/Covid_Holisiticv1.2/task/2928,,CovidArticles/Covid_article_for_PE_S&S&S.txt,100059,Covid_article_for_PE_S&S&S.txt,4b537e0ed21179a29ed28da28057d338e67330ae12123ccceba6724f35bd68a4,6794,PYBOSSA,9,1,1910e4f6-8d50-44b1-8815-1bf2b4f776ca,e0834165-64cc-41e5-994f-9be97a16ef93,2020-08-04 17:33:28.419191,2020-08-04 17:36:39.600244,191.181053,Holistic Evaluation of Article,T1.Q17,"How difficult was this task for you, on the whole?",T1.Q17.A5,5: Middling difficulty,e4c0690b-25bb-467a-9710-46c6db00a976,a8a2769d-b64a-4928-939f-f66d3d9eab5d,5: Middling difficulty,0,0,0,0,
Covid_Holisticv1.2,81f0137d4cfd132ce9019c58308d2675c4de86bac1dcadbf309af97c97d7cabe,a0398b30-583f-4809-9f4c-1dd499e79205,https://pe.goodlylabs.org/project/Covid_Holisiticv1.2/task/2928,,CovidArticles/Covid_article_for_PE_S&S&S.txt,100059,Covid_article_for_PE_S&S&S.txt,4b537e0ed21179a29ed28da28057d338e67330ae12123ccceba6724f35bd68a4,6794,PYBOSSA,9,1,1910e4f6-8d50-44b1-8815-1bf2b4f776ca,e0834165-64cc-41e5-994f-9be97a16ef93,2020-08-04 17:33:28.419191,2020-08-04 17:36:39.600244,191.181053,Holistic Evaluation of Article,T1.Q18,"How confident are you about your answers, on the whole?",T1.Q18.A9,9,dd9c1c5f-d92e-4433-8361-7c8a30ba48a5,d9abc467-ce49-4fc4-93d2-5806bb5f580e,9,0,0,0,0,
